,month,titre,proportion,age,N
0,Jan-2022,<0.8,0.0,17-29,positive
1,Jan-2022,0.8-25,0.0,17-29,positive
2,Jan-2022,25-250,0.015267175572519083,17-29,positive
3,Jan-2022,250-2500,0.05343511450381679,17-29,positive
4,Jan-2022,2500-10000,0.1984732824427481,17-29,positive
5,Jan-2022,10000-25000,0.33587786259541985,17-29,positive
6,Jan-2022,25000+,0.3969465648854962,17-29,positive
7,Feb-2022,<0.8,0.0,17-29,positive
8,Feb-2022,0.8-25,0.0,17-29,positive
9,Feb-2022,25-250,0.007633587786259542,17-29,positive
10,Feb-2022,250-2500,0.022900763358778626,17-29,positive
11,Feb-2022,2500-10000,0.16793893129770993,17-29,positive
12,Feb-2022,10000-25000,0.366412213740458,17-29,positive
13,Feb-2022,25000+,0.4351145038167939,17-29,positive
14,Mar-2022,<0.8,0.0,17-29,positive
15,Mar-2022,0.8-25,0.0,17-29,positive
16,Mar-2022,25-250,0.007633587786259542,17-29,positive
17,Mar-2022,250-2500,0.030534351145038167,17-29,positive
18,Mar-2022,2500-10000,0.19083969465648856,17-29,positive
19,Mar-2022,10000-25000,0.366412213740458,17-29,positive
20,Mar-2022,25000+,0.40458015267175573,17-29,positive
21,Apr-2022,<0.8,0.0,17-29,positive
22,Apr-2022,0.8-25,0.0,17-29,positive
23,Apr-2022,25-250,0.007633587786259542,17-29,positive
24,Apr-2022,250-2500,0.030534351145038167,17-29,positive
25,Apr-2022,2500-10000,0.22900763358778625,17-29,positive
26,Apr-2022,10000-25000,0.37404580152671757,17-29,positive
27,Apr-2022,25000+,0.35877862595419846,17-29,positive
28,May-2022,<0.8,0.0,17-29,positive
29,May-2022,0.8-25,0.0,17-29,positive
30,May-2022,25-250,0.007633587786259542,17-29,positive
31,May-2022,250-2500,0.030534351145038167,17-29,positive
32,May-2022,2500-10000,0.24427480916030533,17-29,positive
33,May-2022,10000-25000,0.40458015267175573,17-29,positive
34,May-2022,25000+,0.31297709923664124,17-29,positive
35,Jun-2022,<0.8,0.0,17-29,positive
36,Jun-2022,0.8-25,0.0,17-29,positive
37,Jun-2022,25-250,0.007633587786259542,17-29,positive
38,Jun-2022,250-2500,0.030534351145038167,17-29,positive
39,Jun-2022,2500-10000,0.32061068702290074,17-29,positive
40,Jun-2022,10000-25000,0.40458015267175573,17-29,positive
41,Jun-2022,25000+,0.2366412213740458,17-29,positive
42,Jul-2022,<0.8,0.0,17-29,positive
43,Jul-2022,0.8-25,0.007633587786259542,17-29,positive
44,Jul-2022,25-250,0.007633587786259542,17-29,positive
45,Jul-2022,250-2500,0.030534351145038167,17-29,positive
46,Jul-2022,2500-10000,0.3282442748091603,17-29,positive
47,Jul-2022,10000-25000,0.3816793893129771,17-29,positive
48,Jul-2022,25000+,0.24427480916030533,17-29,positive
49,Aug-2022,<0.8,0.0,17-29,positive
50,Aug-2022,0.8-25,0.0,17-29,positive
51,Aug-2022,25-250,0.007633587786259542,17-29,positive
52,Aug-2022,250-2500,0.03816793893129771,17-29,positive
53,Aug-2022,2500-10000,0.32061068702290074,17-29,positive
54,Aug-2022,10000-25000,0.3816793893129771,17-29,positive
55,Aug-2022,25000+,0.25190839694656486,17-29,positive
56,Sep-2022,<0.8,0.0,17-29,positive
57,Sep-2022,0.8-25,0.0,17-29,positive
58,Sep-2022,25-250,0.0,17-29,positive
59,Sep-2022,250-2500,0.05343511450381679,17-29,positive
60,Sep-2022,2500-10000,0.3435114503816794,17-29,positive
61,Sep-2022,10000-25000,0.3969465648854962,17-29,positive
62,Sep-2022,25000+,0.20610687022900764,17-29,positive
63,Oct-2022,<0.8,0.0,17-29,positive
64,Oct-2022,0.8-25,0.0,17-29,positive
65,Oct-2022,25-250,0.0,17-29,positive
66,Oct-2022,250-2500,0.04580152671755725,17-29,positive
67,Oct-2022,2500-10000,0.3511450381679389,17-29,positive
68,Oct-2022,10000-25000,0.3893129770992366,17-29,positive
69,Oct-2022,25000+,0.21374045801526717,17-29,positive
70,Nov-2022,<0.8,0.0,17-29,positive
71,Nov-2022,0.8-25,0.0,17-29,positive
72,Nov-2022,25-250,0.0,17-29,positive
73,Nov-2022,250-2500,0.03816793893129771,17-29,positive
74,Nov-2022,2500-10000,0.35877862595419846,17-29,positive
75,Nov-2022,10000-25000,0.42748091603053434,17-29,positive
76,Nov-2022,25000+,0.17557251908396945,17-29,positive
77,Dec-2022,<0.8,0.0,17-29,positive
78,Dec-2022,0.8-25,0.0,17-29,positive
79,Dec-2022,25-250,0.007633587786259542,17-29,positive
80,Dec-2022,250-2500,0.03816793893129771,17-29,positive
81,Dec-2022,2500-10000,0.3511450381679389,17-29,positive
82,Dec-2022,10000-25000,0.3969465648854962,17-29,positive
83,Dec-2022,25000+,0.20610687022900764,17-29,positive
84,Jan-2022,<0.8,0.007575757575757576,30-39,positive
85,Jan-2022,0.8-25,0.015151515151515152,30-39,positive
86,Jan-2022,25-250,0.015151515151515152,30-39,positive
87,Jan-2022,250-2500,0.03787878787878788,30-39,positive
88,Jan-2022,2500-10000,0.15151515151515152,30-39,positive
89,Jan-2022,10000-25000,0.3712121212121212,30-39,positive
90,Jan-2022,25000+,0.4015151515151515,30-39,positive
91,Feb-2022,<0.8,0.007575757575757576,30-39,positive
92,Feb-2022,0.8-25,0.007575757575757576,30-39,positive
93,Feb-2022,25-250,0.015151515151515152,30-39,positive
94,Feb-2022,250-2500,0.022727272727272728,30-39,positive
95,Feb-2022,2500-10000,0.14393939393939395,30-39,positive
96,Feb-2022,10000-25000,0.3484848484848485,30-39,positive
97,Feb-2022,25000+,0.45454545454545453,30-39,positive
98,Mar-2022,<0.8,0.007575757575757576,30-39,positive
99,Mar-2022,0.8-25,0.007575757575757576,30-39,positive
100,Mar-2022,25-250,0.015151515151515152,30-39,positive
101,Mar-2022,250-2500,0.007575757575757576,30-39,positive
102,Mar-2022,2500-10000,0.16666666666666666,30-39,positive
103,Mar-2022,10000-25000,0.3409090909090909,30-39,positive
104,Mar-2022,25000+,0.45454545454545453,30-39,positive
105,Apr-2022,<0.8,0.007575757575757576,30-39,positive
106,Apr-2022,0.8-25,0.007575757575757576,30-39,positive
107,Apr-2022,25-250,0.007575757575757576,30-39,positive
108,Apr-2022,250-2500,0.030303030303030304,30-39,positive
109,Apr-2022,2500-10000,0.20454545454545456,30-39,positive
110,Apr-2022,10000-25000,0.36363636363636365,30-39,positive
111,Apr-2022,25000+,0.3787878787878788,30-39,positive
112,May-2022,<0.8,0.007575757575757576,30-39,positive
113,May-2022,0.8-25,0.015151515151515152,30-39,positive
114,May-2022,25-250,0.007575757575757576,30-39,positive
115,May-2022,250-2500,0.015151515151515152,30-39,positive
116,May-2022,2500-10000,0.23484848484848486,30-39,positive
117,May-2022,10000-25000,0.3939393939393939,30-39,positive
118,May-2022,25000+,0.32575757575757575,30-39,positive
119,Jun-2022,<0.8,0.007575757575757576,30-39,positive
120,Jun-2022,0.8-25,0.0,30-39,positive
121,Jun-2022,25-250,0.007575757575757576,30-39,positive
122,Jun-2022,250-2500,0.045454545454545456,30-39,positive
123,Jun-2022,2500-10000,0.2803030303030303,30-39,positive
124,Jun-2022,10000-25000,0.36363636363636365,30-39,positive
125,Jun-2022,25000+,0.29545454545454547,30-39,positive
126,Jul-2022,<0.8,0.007575757575757576,30-39,positive
127,Jul-2022,0.8-25,0.0,30-39,positive
128,Jul-2022,25-250,0.007575757575757576,30-39,positive
129,Jul-2022,250-2500,0.022727272727272728,30-39,positive
130,Jul-2022,2500-10000,0.29545454545454547,30-39,positive
131,Jul-2022,10000-25000,0.3787878787878788,30-39,positive
132,Jul-2022,25000+,0.2878787878787879,30-39,positive
133,Aug-2022,<0.8,0.007575757575757576,30-39,positive
134,Aug-2022,0.8-25,0.0,30-39,positive
135,Aug-2022,25-250,0.007575757575757576,30-39,positive
136,Aug-2022,250-2500,0.030303030303030304,30-39,positive
137,Aug-2022,2500-10000,0.3181818181818182,30-39,positive
138,Aug-2022,10000-25000,0.3787878787878788,30-39,positive
139,Aug-2022,25000+,0.25757575757575757,30-39,positive
140,Sep-2022,<0.8,0.007575757575757576,30-39,positive
141,Sep-2022,0.8-25,0.0,30-39,positive
142,Sep-2022,25-250,0.007575757575757576,30-39,positive
143,Sep-2022,250-2500,0.045454545454545456,30-39,positive
144,Sep-2022,2500-10000,0.3409090909090909,30-39,positive
145,Sep-2022,10000-25000,0.3560606060606061,30-39,positive
146,Sep-2022,25000+,0.24242424242424243,30-39,positive
147,Oct-2022,<0.8,0.007575757575757576,30-39,positive
148,Oct-2022,0.8-25,0.0,30-39,positive
149,Oct-2022,25-250,0.0,30-39,positive
150,Oct-2022,250-2500,0.045454545454545456,30-39,positive
151,Oct-2022,2500-10000,0.3181818181818182,30-39,positive
152,Oct-2022,10000-25000,0.3712121212121212,30-39,positive
153,Oct-2022,25000+,0.25757575757575757,30-39,positive
154,Nov-2022,<0.8,0.007575757575757576,30-39,positive
155,Nov-2022,0.8-25,0.0,30-39,positive
156,Nov-2022,25-250,0.0,30-39,positive
157,Nov-2022,250-2500,0.030303030303030304,30-39,positive
158,Nov-2022,2500-10000,0.3333333333333333,30-39,positive
159,Nov-2022,10000-25000,0.4090909090909091,30-39,positive
160,Nov-2022,25000+,0.2196969696969697,30-39,positive
161,Dec-2022,<0.8,0.007575757575757576,30-39,positive
162,Dec-2022,0.8-25,0.0,30-39,positive
163,Dec-2022,25-250,0.007575757575757576,30-39,positive
164,Dec-2022,250-2500,0.03787878787878788,30-39,positive
165,Dec-2022,2500-10000,0.30303030303030304,30-39,positive
166,Dec-2022,10000-25000,0.38636363636363635,30-39,positive
167,Dec-2022,25000+,0.25757575757575757,30-39,positive
168,Jan-2022,<0.8,0.007575757575757576,40-49,positive
169,Jan-2022,0.8-25,0.0,40-49,positive
170,Jan-2022,25-250,0.022727272727272728,40-49,positive
171,Jan-2022,250-2500,0.022727272727272728,40-49,positive
172,Jan-2022,2500-10000,0.09090909090909091,40-49,positive
173,Jan-2022,10000-25000,0.4090909090909091,40-49,positive
174,Jan-2022,25000+,0.44696969696969696,40-49,positive
175,Feb-2022,<0.8,0.007575757575757576,40-49,positive
176,Feb-2022,0.8-25,0.0,40-49,positive
177,Feb-2022,25-250,0.007575757575757576,40-49,positive
178,Feb-2022,250-2500,0.022727272727272728,40-49,positive
179,Feb-2022,2500-10000,0.12121212121212122,40-49,positive
180,Feb-2022,10000-25000,0.4015151515151515,40-49,positive
181,Feb-2022,25000+,0.4393939393939394,40-49,positive
182,Mar-2022,<0.8,0.007575757575757576,40-49,positive
183,Mar-2022,0.8-25,0.007575757575757576,40-49,positive
184,Mar-2022,25-250,0.007575757575757576,40-49,positive
185,Mar-2022,250-2500,0.022727272727272728,40-49,positive
186,Mar-2022,2500-10000,0.18181818181818182,40-49,positive
187,Mar-2022,10000-25000,0.3939393939393939,40-49,positive
188,Mar-2022,25000+,0.3787878787878788,40-49,positive
189,Apr-2022,<0.8,0.007575757575757576,40-49,positive
190,Apr-2022,0.8-25,0.0,40-49,positive
191,Apr-2022,25-250,0.007575757575757576,40-49,positive
192,Apr-2022,250-2500,0.022727272727272728,40-49,positive
193,Apr-2022,2500-10000,0.21212121212121213,40-49,positive
194,Apr-2022,10000-25000,0.36363636363636365,40-49,positive
195,Apr-2022,25000+,0.38636363636363635,40-49,positive
196,May-2022,<0.8,0.007575757575757576,40-49,positive
197,May-2022,0.8-25,0.007575757575757576,40-49,positive
198,May-2022,25-250,0.007575757575757576,40-49,positive
199,May-2022,250-2500,0.022727272727272728,40-49,positive
200,May-2022,2500-10000,0.2803030303030303,40-49,positive
201,May-2022,10000-25000,0.3787878787878788,40-49,positive
202,May-2022,25000+,0.29545454545454547,40-49,positive
203,Jun-2022,<0.8,0.007575757575757576,40-49,positive
204,Jun-2022,0.8-25,0.0,40-49,positive
205,Jun-2022,25-250,0.007575757575757576,40-49,positive
206,Jun-2022,250-2500,0.030303030303030304,40-49,positive
207,Jun-2022,2500-10000,0.3484848484848485,40-49,positive
208,Jun-2022,10000-25000,0.38636363636363635,40-49,positive
209,Jun-2022,25000+,0.2196969696969697,40-49,positive
210,Jul-2022,<0.8,0.007575757575757576,40-49,positive
211,Jul-2022,0.8-25,0.0,40-49,positive
212,Jul-2022,25-250,0.007575757575757576,40-49,positive
213,Jul-2022,250-2500,0.03787878787878788,40-49,positive
214,Jul-2022,2500-10000,0.3409090909090909,40-49,positive
215,Jul-2022,10000-25000,0.4090909090909091,40-49,positive
216,Jul-2022,25000+,0.19696969696969696,40-49,positive
217,Aug-2022,<0.8,0.007575757575757576,40-49,positive
218,Aug-2022,0.8-25,0.007575757575757576,40-49,positive
219,Aug-2022,25-250,0.0,40-49,positive
220,Aug-2022,250-2500,0.030303030303030304,40-49,positive
221,Aug-2022,2500-10000,0.36363636363636365,40-49,positive
222,Aug-2022,10000-25000,0.3560606060606061,40-49,positive
223,Aug-2022,25000+,0.23484848484848486,40-49,positive
224,Sep-2022,<0.8,0.007575757575757576,40-49,positive
225,Sep-2022,0.8-25,0.0,40-49,positive
226,Sep-2022,25-250,0.007575757575757576,40-49,positive
227,Sep-2022,250-2500,0.03787878787878788,40-49,positive
228,Sep-2022,2500-10000,0.38636363636363635,40-49,positive
229,Sep-2022,10000-25000,0.3787878787878788,40-49,positive
230,Sep-2022,25000+,0.18181818181818182,40-49,positive
231,Oct-2022,<0.8,0.007575757575757576,40-49,positive
232,Oct-2022,0.8-25,0.0,40-49,positive
233,Oct-2022,25-250,0.007575757575757576,40-49,positive
234,Oct-2022,250-2500,0.05303030303030303,40-49,positive
235,Oct-2022,2500-10000,0.38636363636363635,40-49,positive
236,Oct-2022,10000-25000,0.3333333333333333,40-49,positive
237,Oct-2022,25000+,0.21212121212121213,40-49,positive
238,Nov-2022,<0.8,0.007575757575757576,40-49,positive
239,Nov-2022,0.8-25,0.0,40-49,positive
240,Nov-2022,25-250,0.007575757575757576,40-49,positive
241,Nov-2022,250-2500,0.03787878787878788,40-49,positive
242,Nov-2022,2500-10000,0.36363636363636365,40-49,positive
243,Nov-2022,10000-25000,0.36363636363636365,40-49,positive
244,Nov-2022,25000+,0.2196969696969697,40-49,positive
245,Dec-2022,<0.8,0.007575757575757576,40-49,positive
246,Dec-2022,0.8-25,0.0,40-49,positive
247,Dec-2022,25-250,0.0,40-49,positive
248,Dec-2022,250-2500,0.03787878787878788,40-49,positive
249,Dec-2022,2500-10000,0.3333333333333333,40-49,positive
250,Dec-2022,10000-25000,0.3484848484848485,40-49,positive
251,Dec-2022,25000+,0.2727272727272727,40-49,positive
252,Jan-2022,<0.8,0.0,50-59,positive
253,Jan-2022,0.8-25,0.0,50-59,positive
254,Jan-2022,25-250,0.007633587786259542,50-59,positive
255,Jan-2022,250-2500,0.022900763358778626,50-59,positive
256,Jan-2022,2500-10000,0.10687022900763359,50-59,positive
257,Jan-2022,10000-25000,0.366412213740458,50-59,positive
258,Jan-2022,25000+,0.4961832061068702,50-59,positive
259,Feb-2022,<0.8,0.0,50-59,positive
260,Feb-2022,0.8-25,0.0,50-59,positive
261,Feb-2022,25-250,0.007633587786259542,50-59,positive
262,Feb-2022,250-2500,0.007633587786259542,50-59,positive
263,Feb-2022,2500-10000,0.1297709923664122,50-59,positive
264,Feb-2022,10000-25000,0.31297709923664124,50-59,positive
265,Feb-2022,25000+,0.5419847328244275,50-59,positive
266,Mar-2022,<0.8,0.0,50-59,positive
267,Mar-2022,0.8-25,0.0,50-59,positive
268,Mar-2022,25-250,0.0,50-59,positive
269,Mar-2022,250-2500,0.015267175572519083,50-59,positive
270,Mar-2022,2500-10000,0.16030534351145037,50-59,positive
271,Mar-2022,10000-25000,0.3816793893129771,50-59,positive
272,Mar-2022,25000+,0.44274809160305345,50-59,positive
273,Apr-2022,<0.8,0.0,50-59,positive
274,Apr-2022,0.8-25,0.0,50-59,positive
275,Apr-2022,25-250,0.007633587786259542,50-59,positive
276,Apr-2022,250-2500,0.007633587786259542,50-59,positive
277,Apr-2022,2500-10000,0.17557251908396945,50-59,positive
278,Apr-2022,10000-25000,0.3816793893129771,50-59,positive
279,Apr-2022,25000+,0.42748091603053434,50-59,positive
280,May-2022,<0.8,0.0,50-59,positive
281,May-2022,0.8-25,0.0,50-59,positive
282,May-2022,25-250,0.0,50-59,positive
283,May-2022,250-2500,0.015267175572519083,50-59,positive
284,May-2022,2500-10000,0.22900763358778625,50-59,positive
285,May-2022,10000-25000,0.4122137404580153,50-59,positive
286,May-2022,25000+,0.3435114503816794,50-59,positive
287,Jun-2022,<0.8,0.0,50-59,positive
288,Jun-2022,0.8-25,0.0,50-59,positive
289,Jun-2022,25-250,0.0,50-59,positive
290,Jun-2022,250-2500,0.015267175572519083,50-59,positive
291,Jun-2022,2500-10000,0.29770992366412213,50-59,positive
292,Jun-2022,10000-25000,0.4122137404580153,50-59,positive
293,Jun-2022,25000+,0.2748091603053435,50-59,positive
294,Jul-2022,<0.8,0.0,50-59,positive
295,Jul-2022,0.8-25,0.0,50-59,positive
296,Jul-2022,25-250,0.007633587786259542,50-59,positive
297,Jul-2022,250-2500,0.030534351145038167,50-59,positive
298,Jul-2022,2500-10000,0.29770992366412213,50-59,positive
299,Jul-2022,10000-25000,0.3893129770992366,50-59,positive
300,Jul-2022,25000+,0.2748091603053435,50-59,positive
301,Aug-2022,<0.8,0.0,50-59,positive
302,Aug-2022,0.8-25,0.0,50-59,positive
303,Aug-2022,25-250,0.007633587786259542,50-59,positive
304,Aug-2022,250-2500,0.015267175572519083,50-59,positive
305,Aug-2022,2500-10000,0.31297709923664124,50-59,positive
306,Aug-2022,10000-25000,0.3816793893129771,50-59,positive
307,Aug-2022,25000+,0.2824427480916031,50-59,positive
308,Sep-2022,<0.8,0.0,50-59,positive
309,Sep-2022,0.8-25,0.0,50-59,positive
310,Sep-2022,25-250,0.0,50-59,positive
311,Sep-2022,250-2500,0.022900763358778626,50-59,positive
312,Sep-2022,2500-10000,0.3282442748091603,50-59,positive
313,Sep-2022,10000-25000,0.40458015267175573,50-59,positive
314,Sep-2022,25000+,0.24427480916030533,50-59,positive
315,Oct-2022,<0.8,0.0,50-59,positive
316,Oct-2022,0.8-25,0.0,50-59,positive
317,Oct-2022,25-250,0.007633587786259542,50-59,positive
318,Oct-2022,250-2500,0.022900763358778626,50-59,positive
319,Oct-2022,2500-10000,0.2748091603053435,50-59,positive
320,Oct-2022,10000-25000,0.3969465648854962,50-59,positive
321,Oct-2022,25000+,0.29770992366412213,50-59,positive
322,Nov-2022,<0.8,0.0,50-59,positive
323,Nov-2022,0.8-25,0.0,50-59,positive
324,Nov-2022,25-250,0.0,50-59,positive
325,Nov-2022,250-2500,0.015267175572519083,50-59,positive
326,Nov-2022,2500-10000,0.16030534351145037,50-59,positive
327,Nov-2022,10000-25000,0.2900763358778626,50-59,positive
328,Nov-2022,25000+,0.5343511450381679,50-59,positive
329,Dec-2022,<0.8,0.0,50-59,positive
330,Dec-2022,0.8-25,0.0,50-59,positive
331,Dec-2022,25-250,0.007633587786259542,50-59,positive
332,Dec-2022,250-2500,0.015267175572519083,50-59,positive
333,Dec-2022,2500-10000,0.1297709923664122,50-59,positive
334,Dec-2022,10000-25000,0.31297709923664124,50-59,positive
335,Dec-2022,25000+,0.5343511450381679,50-59,positive
336,Jan-2022,<0.8,0.007575757575757576,60-69,positive
337,Jan-2022,0.8-25,0.0,60-69,positive
338,Jan-2022,25-250,0.007575757575757576,60-69,positive
339,Jan-2022,250-2500,0.007575757575757576,60-69,positive
340,Jan-2022,2500-10000,0.08333333333333333,60-69,positive
341,Jan-2022,10000-25000,0.3560606060606061,60-69,positive
342,Jan-2022,25000+,0.5378787878787878,60-69,positive
343,Feb-2022,<0.8,0.007575757575757576,60-69,positive
344,Feb-2022,0.8-25,0.0,60-69,positive
345,Feb-2022,25-250,0.007575757575757576,60-69,positive
346,Feb-2022,250-2500,0.015151515151515152,60-69,positive
347,Feb-2022,2500-10000,0.09848484848484848,60-69,positive
348,Feb-2022,10000-25000,0.3484848484848485,60-69,positive
349,Feb-2022,25000+,0.5227272727272727,60-69,positive
350,Mar-2022,<0.8,0.007575757575757576,60-69,positive
351,Mar-2022,0.8-25,0.0,60-69,positive
352,Mar-2022,25-250,0.007575757575757576,60-69,positive
353,Mar-2022,250-2500,0.007575757575757576,60-69,positive
354,Mar-2022,2500-10000,0.12878787878787878,60-69,positive
355,Mar-2022,10000-25000,0.32575757575757575,60-69,positive
356,Mar-2022,25000+,0.5227272727272727,60-69,positive
357,Apr-2022,<0.8,0.007575757575757576,60-69,positive
358,Apr-2022,0.8-25,0.0,60-69,positive
359,Apr-2022,25-250,0.0,60-69,positive
360,Apr-2022,250-2500,0.007575757575757576,60-69,positive
361,Apr-2022,2500-10000,0.15151515151515152,60-69,positive
362,Apr-2022,10000-25000,0.3181818181818182,60-69,positive
363,Apr-2022,25000+,0.5151515151515151,60-69,positive
364,May-2022,<0.8,0.007575757575757576,60-69,positive
365,May-2022,0.8-25,0.0,60-69,positive
366,May-2022,25-250,0.0,60-69,positive
367,May-2022,250-2500,0.015151515151515152,60-69,positive
368,May-2022,2500-10000,0.17424242424242425,60-69,positive
369,May-2022,10000-25000,0.3333333333333333,60-69,positive
370,May-2022,25000+,0.4696969696969697,60-69,positive
371,Jun-2022,<0.8,0.007575757575757576,60-69,positive
372,Jun-2022,0.8-25,0.0,60-69,positive
373,Jun-2022,25-250,0.007575757575757576,60-69,positive
374,Jun-2022,250-2500,0.007575757575757576,60-69,positive
375,Jun-2022,2500-10000,0.21212121212121213,60-69,positive
376,Jun-2022,10000-25000,0.3787878787878788,60-69,positive
377,Jun-2022,25000+,0.38636363636363635,60-69,positive
378,Jul-2022,<0.8,0.007575757575757576,60-69,positive
379,Jul-2022,0.8-25,0.0,60-69,positive
380,Jul-2022,25-250,0.0,60-69,positive
381,Jul-2022,250-2500,0.015151515151515152,60-69,positive
382,Jul-2022,2500-10000,0.1893939393939394,60-69,positive
383,Jul-2022,10000-25000,0.3712121212121212,60-69,positive
384,Jul-2022,25000+,0.4166666666666667,60-69,positive
385,Aug-2022,<0.8,0.007575757575757576,60-69,positive
386,Aug-2022,0.8-25,0.0,60-69,positive
387,Aug-2022,25-250,0.0,60-69,positive
388,Aug-2022,250-2500,0.015151515151515152,60-69,positive
389,Aug-2022,2500-10000,0.25,60-69,positive
390,Aug-2022,10000-25000,0.3787878787878788,60-69,positive
391,Aug-2022,25000+,0.3484848484848485,60-69,positive
392,Sep-2022,<0.8,0.007575757575757576,60-69,positive
393,Sep-2022,0.8-25,0.0,60-69,positive
394,Sep-2022,25-250,0.0,60-69,positive
395,Sep-2022,250-2500,0.022727272727272728,60-69,positive
396,Sep-2022,2500-10000,0.24242424242424243,60-69,positive
397,Sep-2022,10000-25000,0.4090909090909091,60-69,positive
398,Sep-2022,25000+,0.3181818181818182,60-69,positive
399,Oct-2022,<0.8,0.007575757575757576,60-69,positive
400,Oct-2022,0.8-25,0.0,60-69,positive
401,Oct-2022,25-250,0.0,60-69,positive
402,Oct-2022,250-2500,0.015151515151515152,60-69,positive
403,Oct-2022,2500-10000,0.16666666666666666,60-69,positive
404,Oct-2022,10000-25000,0.32575757575757575,60-69,positive
405,Oct-2022,25000+,0.48484848484848486,60-69,positive
406,Nov-2022,<0.8,0.007575757575757576,60-69,positive
407,Nov-2022,0.8-25,0.0,60-69,positive
408,Nov-2022,25-250,0.0,60-69,positive
409,Nov-2022,250-2500,0.007575757575757576,60-69,positive
410,Nov-2022,2500-10000,0.06818181818181818,60-69,positive
411,Nov-2022,10000-25000,0.23484848484848486,60-69,positive
412,Nov-2022,25000+,0.6818181818181818,60-69,positive
413,Dec-2022,<0.8,0.007575757575757576,60-69,positive
414,Dec-2022,0.8-25,0.0,60-69,positive
415,Dec-2022,25-250,0.0,60-69,positive
416,Dec-2022,250-2500,0.007575757575757576,60-69,positive
417,Dec-2022,2500-10000,0.045454545454545456,60-69,positive
418,Dec-2022,10000-25000,0.2803030303030303,60-69,positive
419,Dec-2022,25000+,0.6590909090909091,60-69,positive
420,Jan-2022,<0.8,0.007575757575757576,70-84,positive
421,Jan-2022,0.8-25,0.0,70-84,positive
422,Jan-2022,25-250,0.0,70-84,positive
423,Jan-2022,250-2500,0.0,70-84,positive
424,Jan-2022,2500-10000,0.09090909090909091,70-84,positive
425,Jan-2022,10000-25000,0.2878787878787879,70-84,positive
426,Jan-2022,25000+,0.6136363636363636,70-84,positive
427,Feb-2022,<0.8,0.007575757575757576,70-84,positive
428,Feb-2022,0.8-25,0.0,70-84,positive
429,Feb-2022,25-250,0.0,70-84,positive
430,Feb-2022,250-2500,0.0,70-84,positive
431,Feb-2022,2500-10000,0.15151515151515152,70-84,positive
432,Feb-2022,10000-25000,0.30303030303030304,70-84,positive
433,Feb-2022,25000+,0.5378787878787878,70-84,positive
434,Mar-2022,<0.8,0.007575757575757576,70-84,positive
435,Mar-2022,0.8-25,0.0,70-84,positive
436,Mar-2022,25-250,0.0,70-84,positive
437,Mar-2022,250-2500,0.015151515151515152,70-84,positive
438,Mar-2022,2500-10000,0.11363636363636363,70-84,positive
439,Mar-2022,10000-25000,0.29545454545454547,70-84,positive
440,Mar-2022,25000+,0.5681818181818182,70-84,positive
441,Apr-2022,<0.8,0.007575757575757576,70-84,positive
442,Apr-2022,0.8-25,0.0,70-84,positive
443,Apr-2022,25-250,0.0,70-84,positive
444,Apr-2022,250-2500,0.007575757575757576,70-84,positive
445,Apr-2022,2500-10000,0.1590909090909091,70-84,positive
446,Apr-2022,10000-25000,0.21212121212121213,70-84,positive
447,Apr-2022,25000+,0.6136363636363636,70-84,positive
448,May-2022,<0.8,0.007575757575757576,70-84,positive
449,May-2022,0.8-25,0.0,70-84,positive
450,May-2022,25-250,0.0,70-84,positive
451,May-2022,250-2500,0.0,70-84,positive
452,May-2022,2500-10000,0.09090909090909091,70-84,positive
453,May-2022,10000-25000,0.22727272727272727,70-84,positive
454,May-2022,25000+,0.6742424242424242,70-84,positive
455,Jun-2022,<0.8,0.007575757575757576,70-84,positive
456,Jun-2022,0.8-25,0.0,70-84,positive
457,Jun-2022,25-250,0.0,70-84,positive
458,Jun-2022,250-2500,0.007575757575757576,70-84,positive
459,Jun-2022,2500-10000,0.14393939393939395,70-84,positive
460,Jun-2022,10000-25000,0.29545454545454547,70-84,positive
461,Jun-2022,25000+,0.5454545454545454,70-84,positive
462,Jul-2022,<0.8,0.007575757575757576,70-84,positive
463,Jul-2022,0.8-25,0.0,70-84,positive
464,Jul-2022,25-250,0.0,70-84,positive
465,Jul-2022,250-2500,0.015151515151515152,70-84,positive
466,Jul-2022,2500-10000,0.15151515151515152,70-84,positive
467,Jul-2022,10000-25000,0.3333333333333333,70-84,positive
468,Jul-2022,25000+,0.49242424242424243,70-84,positive
469,Aug-2022,<0.8,0.007575757575757576,70-84,positive
470,Aug-2022,0.8-25,0.0,70-84,positive
471,Aug-2022,25-250,0.0,70-84,positive
472,Aug-2022,250-2500,0.007575757575757576,70-84,positive
473,Aug-2022,2500-10000,0.13636363636363635,70-84,positive
474,Aug-2022,10000-25000,0.36363636363636365,70-84,positive
475,Aug-2022,25000+,0.48484848484848486,70-84,positive
476,Sep-2022,<0.8,0.007575757575757576,70-84,positive
477,Sep-2022,0.8-25,0.0,70-84,positive
478,Sep-2022,25-250,0.0,70-84,positive
479,Sep-2022,250-2500,0.007575757575757576,70-84,positive
480,Sep-2022,2500-10000,0.17424242424242425,70-84,positive
481,Sep-2022,10000-25000,0.3106060606060606,70-84,positive
482,Sep-2022,25000+,0.5,70-84,positive
483,Oct-2022,<0.8,0.007575757575757576,70-84,positive
484,Oct-2022,0.8-25,0.007575757575757576,70-84,positive
485,Oct-2022,25-250,0.0,70-84,positive
486,Oct-2022,250-2500,0.007575757575757576,70-84,positive
487,Oct-2022,2500-10000,0.06060606060606061,70-84,positive
488,Oct-2022,10000-25000,0.2196969696969697,70-84,positive
489,Oct-2022,25000+,0.696969696969697,70-84,positive
490,Nov-2022,<0.8,0.007575757575757576,70-84,positive
491,Nov-2022,0.8-25,0.0,70-84,positive
492,Nov-2022,25-250,0.0,70-84,positive
493,Nov-2022,250-2500,0.0,70-84,positive
494,Nov-2022,2500-10000,0.015151515151515152,70-84,positive
495,Nov-2022,10000-25000,0.16666666666666666,70-84,positive
496,Nov-2022,25000+,0.8106060606060606,70-84,positive
497,Dec-2022,<0.8,0.007575757575757576,70-84,positive
498,Dec-2022,0.8-25,0.0,70-84,positive
499,Dec-2022,25-250,0.0,70-84,positive
500,Dec-2022,250-2500,0.0,70-84,positive
501,Dec-2022,2500-10000,0.03787878787878788,70-84,positive
502,Dec-2022,10000-25000,0.19696969696969696,70-84,positive
503,Dec-2022,25000+,0.7575757575757576,70-84,positive
0,Jan-2022,<0.8,0.007518796992481203,17-29,negative
1,Jan-2022,0.8-25,0.007518796992481203,17-29,negative
2,Jan-2022,25-250,0.007518796992481203,17-29,negative
3,Jan-2022,250-2500,0.05263157894736842,17-29,negative
4,Jan-2022,2500-10000,0.21052631578947367,17-29,negative
5,Jan-2022,10000-25000,0.3233082706766917,17-29,negative
6,Jan-2022,25000+,0.39097744360902253,17-29,negative
7,Feb-2022,<0.8,0.007518796992481203,17-29,negative
8,Feb-2022,0.8-25,0.007518796992481203,17-29,negative
9,Feb-2022,25-250,0.007518796992481203,17-29,negative
10,Feb-2022,250-2500,0.03759398496240601,17-29,negative
11,Feb-2022,2500-10000,0.24060150375939848,17-29,negative
12,Feb-2022,10000-25000,0.42857142857142855,17-29,negative
13,Feb-2022,25000+,0.2706766917293233,17-29,negative
14,Mar-2022,<0.8,0.015037593984962405,17-29,negative
15,Mar-2022,0.8-25,0.007518796992481203,17-29,negative
16,Mar-2022,25-250,0.0,17-29,negative
17,Mar-2022,250-2500,0.045112781954887216,17-29,negative
18,Mar-2022,2500-10000,0.3533834586466165,17-29,negative
19,Mar-2022,10000-25000,0.42857142857142855,17-29,negative
20,Mar-2022,25000+,0.15037593984962405,17-29,negative
21,Apr-2022,<0.8,0.015037593984962405,17-29,negative
22,Apr-2022,0.8-25,0.0,17-29,negative
23,Apr-2022,25-250,0.0,17-29,negative
24,Apr-2022,250-2500,0.08270676691729323,17-29,negative
25,Apr-2022,2500-10000,0.47368421052631576,17-29,negative
26,Apr-2022,10000-25000,0.3082706766917293,17-29,negative
27,Apr-2022,25000+,0.12030075187969924,17-29,negative
28,May-2022,<0.8,0.007518796992481203,17-29,negative
29,May-2022,0.8-25,0.0,17-29,negative
30,May-2022,25-250,0.022556390977443608,17-29,negative
31,May-2022,250-2500,0.10526315789473684,17-29,negative
32,May-2022,2500-10000,0.5338345864661654,17-29,negative
33,May-2022,10000-25000,0.2556390977443609,17-29,negative
34,May-2022,25000+,0.07518796992481203,17-29,negative
35,Jun-2022,<0.8,0.015037593984962405,17-29,negative
36,Jun-2022,0.8-25,0.0,17-29,negative
37,Jun-2022,25-250,0.007518796992481203,17-29,negative
38,Jun-2022,250-2500,0.17293233082706766,17-29,negative
39,Jun-2022,2500-10000,0.5639097744360902,17-29,negative
40,Jun-2022,10000-25000,0.20300751879699247,17-29,negative
41,Jun-2022,25000+,0.03759398496240601,17-29,negative
42,Jul-2022,<0.8,0.0,17-29,negative
43,Jul-2022,0.8-25,0.007518796992481203,17-29,negative
44,Jul-2022,25-250,0.022556390977443608,17-29,negative
45,Jul-2022,250-2500,0.19548872180451127,17-29,negative
46,Jul-2022,2500-10000,0.5263157894736842,17-29,negative
47,Jul-2022,10000-25000,0.20300751879699247,17-29,negative
48,Jul-2022,25000+,0.045112781954887216,17-29,negative
49,Aug-2022,<0.8,0.0,17-29,negative
50,Aug-2022,0.8-25,0.0,17-29,negative
51,Aug-2022,25-250,0.0,17-29,negative
52,Aug-2022,250-2500,0.17293233082706766,17-29,negative
53,Aug-2022,2500-10000,0.5413533834586466,17-29,negative
54,Aug-2022,10000-25000,0.17293233082706766,17-29,negative
55,Aug-2022,25000+,0.11278195488721804,17-29,negative
56,Sep-2022,<0.8,0.007518796992481203,17-29,negative
57,Sep-2022,0.8-25,0.0,17-29,negative
58,Sep-2022,25-250,0.007518796992481203,17-29,negative
59,Sep-2022,250-2500,0.3308270676691729,17-29,negative
60,Sep-2022,2500-10000,0.49624060150375937,17-29,negative
61,Sep-2022,10000-25000,0.08270676691729323,17-29,negative
62,Sep-2022,25000+,0.07518796992481203,17-29,negative
63,Oct-2022,<0.8,0.0,17-29,negative
64,Oct-2022,0.8-25,0.0,17-29,negative
65,Oct-2022,25-250,0.0,17-29,negative
66,Oct-2022,250-2500,0.21804511278195488,17-29,negative
67,Oct-2022,2500-10000,0.41353383458646614,17-29,negative
68,Oct-2022,10000-25000,0.16541353383458646,17-29,negative
69,Oct-2022,25000+,0.20300751879699247,17-29,negative
70,Nov-2022,<0.8,0.015037593984962405,17-29,negative
71,Nov-2022,0.8-25,0.0,17-29,negative
72,Nov-2022,25-250,0.0,17-29,negative
73,Nov-2022,250-2500,0.2631578947368421,17-29,negative
74,Nov-2022,2500-10000,0.3383458646616541,17-29,negative
75,Nov-2022,10000-25000,0.19548872180451127,17-29,negative
76,Nov-2022,25000+,0.18796992481203006,17-29,negative
77,Dec-2022,<0.8,0.0,17-29,negative
78,Dec-2022,0.8-25,0.015037593984962405,17-29,negative
79,Dec-2022,25-250,0.045112781954887216,17-29,negative
80,Dec-2022,250-2500,0.08270676691729323,17-29,negative
81,Dec-2022,2500-10000,0.42105263157894735,17-29,negative
82,Dec-2022,10000-25000,0.3383458646616541,17-29,negative
83,Dec-2022,25000+,0.09774436090225563,17-29,negative
84,Jan-2022,<0.8,0.014925373134328358,30-39,negative
85,Jan-2022,0.8-25,0.007462686567164179,30-39,negative
86,Jan-2022,25-250,0.0,30-39,negative
87,Jan-2022,250-2500,0.05970149253731343,30-39,negative
88,Jan-2022,2500-10000,0.1791044776119403,30-39,negative
89,Jan-2022,10000-25000,0.4253731343283582,30-39,negative
90,Jan-2022,25000+,0.31343283582089554,30-39,negative
91,Feb-2022,<0.8,0.014925373134328358,30-39,negative
92,Feb-2022,0.8-25,0.0,30-39,negative
93,Feb-2022,25-250,0.007462686567164179,30-39,negative
94,Feb-2022,250-2500,0.05223880597014925,30-39,negative
95,Feb-2022,2500-10000,0.2537313432835821,30-39,negative
96,Feb-2022,10000-25000,0.4626865671641791,30-39,negative
97,Feb-2022,25000+,0.208955223880597,30-39,negative
98,Mar-2022,<0.8,0.007462686567164179,30-39,negative
99,Mar-2022,0.8-25,0.0,30-39,negative
100,Mar-2022,25-250,0.014925373134328358,30-39,negative
101,Mar-2022,250-2500,0.07462686567164178,30-39,negative
102,Mar-2022,2500-10000,0.40298507462686567,30-39,negative
103,Mar-2022,10000-25000,0.3880597014925373,30-39,negative
104,Mar-2022,25000+,0.11194029850746269,30-39,negative
105,Apr-2022,<0.8,0.014925373134328358,30-39,negative
106,Apr-2022,0.8-25,0.0,30-39,negative
107,Apr-2022,25-250,0.007462686567164179,30-39,negative
108,Apr-2022,250-2500,0.05970149253731343,30-39,negative
109,Apr-2022,2500-10000,0.5149253731343284,30-39,negative
110,Apr-2022,10000-25000,0.3208955223880597,30-39,negative
111,Apr-2022,25000+,0.08208955223880597,30-39,negative
112,May-2022,<0.8,0.007462686567164179,30-39,negative
113,May-2022,0.8-25,0.0,30-39,negative
114,May-2022,25-250,0.0,30-39,negative
115,May-2022,250-2500,0.13432835820895522,30-39,negative
116,May-2022,2500-10000,0.5746268656716418,30-39,negative
117,May-2022,10000-25000,0.23134328358208955,30-39,negative
118,May-2022,25000+,0.05223880597014925,30-39,negative
119,Jun-2022,<0.8,0.007462686567164179,30-39,negative
120,Jun-2022,0.8-25,0.0,30-39,negative
121,Jun-2022,25-250,0.007462686567164179,30-39,negative
122,Jun-2022,250-2500,0.1791044776119403,30-39,negative
123,Jun-2022,2500-10000,0.5597014925373134,30-39,negative
124,Jun-2022,10000-25000,0.21641791044776118,30-39,negative
125,Jun-2022,25000+,0.029850746268656716,30-39,negative
126,Jul-2022,<0.8,0.014925373134328358,30-39,negative
127,Jul-2022,0.8-25,0.0,30-39,negative
128,Jul-2022,25-250,0.007462686567164179,30-39,negative
129,Jul-2022,250-2500,0.23134328358208955,30-39,negative
130,Jul-2022,2500-10000,0.4925373134328358,30-39,negative
131,Jul-2022,10000-25000,0.1791044776119403,30-39,negative
132,Jul-2022,25000+,0.07462686567164178,30-39,negative
133,Aug-2022,<0.8,0.014925373134328358,30-39,negative
134,Aug-2022,0.8-25,0.0,30-39,negative
135,Aug-2022,25-250,0.014925373134328358,30-39,negative
136,Aug-2022,250-2500,0.2835820895522388,30-39,negative
137,Aug-2022,2500-10000,0.4925373134328358,30-39,negative
138,Aug-2022,10000-25000,0.1417910447761194,30-39,negative
139,Aug-2022,25000+,0.05223880597014925,30-39,negative
140,Sep-2022,<0.8,0.007462686567164179,30-39,negative
141,Sep-2022,0.8-25,0.0,30-39,negative
142,Sep-2022,25-250,0.007462686567164179,30-39,negative
143,Sep-2022,250-2500,0.31343283582089554,30-39,negative
144,Sep-2022,2500-10000,0.4925373134328358,30-39,negative
145,Sep-2022,10000-25000,0.12686567164179105,30-39,negative
146,Sep-2022,25000+,0.05223880597014925,30-39,negative
147,Oct-2022,<0.8,0.022388059701492536,30-39,negative
148,Oct-2022,0.8-25,0.0,30-39,negative
149,Oct-2022,25-250,0.0,30-39,negative
150,Oct-2022,250-2500,0.30597014925373134,30-39,negative
151,Oct-2022,2500-10000,0.4626865671641791,30-39,negative
152,Oct-2022,10000-25000,0.14925373134328357,30-39,negative
153,Oct-2022,25000+,0.05970149253731343,30-39,negative
154,Nov-2022,<0.8,0.007462686567164179,30-39,negative
155,Nov-2022,0.8-25,0.014925373134328358,30-39,negative
156,Nov-2022,25-250,0.0,30-39,negative
157,Nov-2022,250-2500,0.30597014925373134,30-39,negative
158,Nov-2022,2500-10000,0.4253731343283582,30-39,negative
159,Nov-2022,10000-25000,0.17164179104477612,30-39,negative
160,Nov-2022,25000+,0.07462686567164178,30-39,negative
161,Dec-2022,<0.8,0.007462686567164179,30-39,negative
162,Dec-2022,0.8-25,0.0,30-39,negative
163,Dec-2022,25-250,0.0,30-39,negative
164,Dec-2022,250-2500,0.2462686567164179,30-39,negative
165,Dec-2022,2500-10000,0.4253731343283582,30-39,negative
166,Dec-2022,10000-25000,0.1791044776119403,30-39,negative
167,Dec-2022,25000+,0.1417910447761194,30-39,negative
168,Jan-2022,<0.8,0.0,40-49,negative
169,Jan-2022,0.8-25,0.0,40-49,negative
170,Jan-2022,25-250,0.015037593984962405,40-49,negative
171,Jan-2022,250-2500,0.03759398496240601,40-49,negative
172,Jan-2022,2500-10000,0.23308270676691728,40-49,negative
173,Jan-2022,10000-25000,0.45864661654135336,40-49,negative
174,Jan-2022,25000+,0.2556390977443609,40-49,negative
175,Feb-2022,<0.8,0.0,40-49,negative
176,Feb-2022,0.8-25,0.0,40-49,negative
177,Feb-2022,25-250,0.007518796992481203,40-49,negative
178,Feb-2022,250-2500,0.045112781954887216,40-49,negative
179,Feb-2022,2500-10000,0.39849624060150374,40-49,negative
180,Feb-2022,10000-25000,0.42105263157894735,40-49,negative
181,Feb-2022,25000+,0.12781954887218044,40-49,negative
182,Mar-2022,<0.8,0.0,40-49,negative
183,Mar-2022,0.8-25,0.0,40-49,negative
184,Mar-2022,25-250,0.007518796992481203,40-49,negative
185,Mar-2022,250-2500,0.06015037593984962,40-49,negative
186,Mar-2022,2500-10000,0.518796992481203,40-49,negative
187,Mar-2022,10000-25000,0.3383458646616541,40-49,negative
188,Mar-2022,25000+,0.07518796992481203,40-49,negative
189,Apr-2022,<0.8,0.0,40-49,negative
190,Apr-2022,0.8-25,0.0,40-49,negative
191,Apr-2022,25-250,0.015037593984962405,40-49,negative
192,Apr-2022,250-2500,0.09774436090225563,40-49,negative
193,Apr-2022,2500-10000,0.6090225563909775,40-49,negative
194,Apr-2022,10000-25000,0.22556390977443608,40-49,negative
195,Apr-2022,25000+,0.05263157894736842,40-49,negative
196,May-2022,<0.8,0.0,40-49,negative
197,May-2022,0.8-25,0.0,40-49,negative
198,May-2022,25-250,0.007518796992481203,40-49,negative
199,May-2022,250-2500,0.17293233082706766,40-49,negative
200,May-2022,2500-10000,0.631578947368421,40-49,negative
201,May-2022,10000-25000,0.15037593984962405,40-49,negative
202,May-2022,25000+,0.03759398496240601,40-49,negative
203,Jun-2022,<0.8,0.007518796992481203,40-49,negative
204,Jun-2022,0.8-25,0.0,40-49,negative
205,Jun-2022,25-250,0.015037593984962405,40-49,negative
206,Jun-2022,250-2500,0.23308270676691728,40-49,negative
207,Jun-2022,2500-10000,0.6090225563909775,40-49,negative
208,Jun-2022,10000-25000,0.10526315789473684,40-49,negative
209,Jun-2022,25000+,0.03007518796992481,40-49,negative
210,Jul-2022,<0.8,0.0,40-49,negative
211,Jul-2022,0.8-25,0.0,40-49,negative
212,Jul-2022,25-250,0.022556390977443608,40-49,negative
213,Jul-2022,250-2500,0.2932330827067669,40-49,negative
214,Jul-2022,2500-10000,0.5789473684210527,40-49,negative
215,Jul-2022,10000-25000,0.06766917293233082,40-49,negative
216,Jul-2022,25000+,0.03759398496240601,40-49,negative
217,Aug-2022,<0.8,0.0,40-49,negative
218,Aug-2022,0.8-25,0.0,40-49,negative
219,Aug-2022,25-250,0.015037593984962405,40-49,negative
220,Aug-2022,250-2500,0.39849624060150374,40-49,negative
221,Aug-2022,2500-10000,0.47368421052631576,40-49,negative
222,Aug-2022,10000-25000,0.07518796992481203,40-49,negative
223,Aug-2022,25000+,0.03759398496240601,40-49,negative
224,Sep-2022,<0.8,0.0,40-49,negative
225,Sep-2022,0.8-25,0.0,40-49,negative
226,Sep-2022,25-250,0.015037593984962405,40-49,negative
227,Sep-2022,250-2500,0.44360902255639095,40-49,negative
228,Sep-2022,2500-10000,0.43609022556390975,40-49,negative
229,Sep-2022,10000-25000,0.07518796992481203,40-49,negative
230,Sep-2022,25000+,0.03007518796992481,40-49,negative
231,Oct-2022,<0.8,0.0,40-49,negative
232,Oct-2022,0.8-25,0.0,40-49,negative
233,Oct-2022,25-250,0.007518796992481203,40-49,negative
234,Oct-2022,250-2500,0.37593984962406013,40-49,negative
235,Oct-2022,2500-10000,0.39097744360902253,40-49,negative
236,Oct-2022,10000-25000,0.13533834586466165,40-49,negative
237,Oct-2022,25000+,0.09022556390977443,40-49,negative
238,Nov-2022,<0.8,0.0,40-49,negative
239,Nov-2022,0.8-25,0.0,40-49,negative
240,Nov-2022,25-250,0.022556390977443608,40-49,negative
241,Nov-2022,250-2500,0.3533834586466165,40-49,negative
242,Nov-2022,2500-10000,0.42105263157894735,40-49,negative
243,Nov-2022,10000-25000,0.11278195488721804,40-49,negative
244,Nov-2022,25000+,0.09022556390977443,40-49,negative
245,Dec-2022,<0.8,0.0,40-49,negative
246,Dec-2022,0.8-25,0.0,40-49,negative
247,Dec-2022,25-250,0.022556390977443608,40-49,negative
248,Dec-2022,250-2500,0.2706766917293233,40-49,negative
249,Dec-2022,2500-10000,0.40601503759398494,40-49,negative
250,Dec-2022,10000-25000,0.21052631578947367,40-49,negative
251,Dec-2022,25000+,0.09022556390977443,40-49,negative
252,Jan-2022,<0.8,0.0,50-59,negative
253,Jan-2022,0.8-25,0.0,50-59,negative
254,Jan-2022,25-250,0.007518796992481203,50-59,negative
255,Jan-2022,250-2500,0.022556390977443608,50-59,negative
256,Jan-2022,2500-10000,0.3082706766917293,50-59,negative
257,Jan-2022,10000-25000,0.47368421052631576,50-59,negative
258,Jan-2022,25000+,0.18796992481203006,50-59,negative
259,Feb-2022,<0.8,0.007518796992481203,50-59,negative
260,Feb-2022,0.8-25,0.0,50-59,negative
261,Feb-2022,25-250,0.015037593984962405,50-59,negative
262,Feb-2022,250-2500,0.03007518796992481,50-59,negative
263,Feb-2022,2500-10000,0.43609022556390975,50-59,negative
264,Feb-2022,10000-25000,0.39097744360902253,50-59,negative
265,Feb-2022,25000+,0.12030075187969924,50-59,negative
266,Mar-2022,<0.8,0.0,50-59,negative
267,Mar-2022,0.8-25,0.007518796992481203,50-59,negative
268,Mar-2022,25-250,0.007518796992481203,50-59,negative
269,Mar-2022,250-2500,0.045112781954887216,50-59,negative
270,Mar-2022,2500-10000,0.556390977443609,50-59,negative
271,Mar-2022,10000-25000,0.3308270676691729,50-59,negative
272,Mar-2022,25000+,0.05263157894736842,50-59,negative
273,Apr-2022,<0.8,0.0,50-59,negative
274,Apr-2022,0.8-25,0.0,50-59,negative
275,Apr-2022,25-250,0.0,50-59,negative
276,Apr-2022,250-2500,0.12781954887218044,50-59,negative
277,Apr-2022,2500-10000,0.6240601503759399,50-59,negative
278,Apr-2022,10000-25000,0.18796992481203006,50-59,negative
279,Apr-2022,25000+,0.06015037593984962,50-59,negative
280,May-2022,<0.8,0.0,50-59,negative
281,May-2022,0.8-25,0.0,50-59,negative
282,May-2022,25-250,0.007518796992481203,50-59,negative
283,May-2022,250-2500,0.19548872180451127,50-59,negative
284,May-2022,2500-10000,0.6466165413533834,50-59,negative
285,May-2022,10000-25000,0.11278195488721804,50-59,negative
286,May-2022,25000+,0.03759398496240601,50-59,negative
287,Jun-2022,<0.8,0.007518796992481203,50-59,negative
288,Jun-2022,0.8-25,0.0,50-59,negative
289,Jun-2022,25-250,0.015037593984962405,50-59,negative
290,Jun-2022,250-2500,0.2932330827067669,50-59,negative
291,Jun-2022,2500-10000,0.556390977443609,50-59,negative
292,Jun-2022,10000-25000,0.09774436090225563,50-59,negative
293,Jun-2022,25000+,0.03007518796992481,50-59,negative
294,Jul-2022,<0.8,0.0,50-59,negative
295,Jul-2022,0.8-25,0.0,50-59,negative
296,Jul-2022,25-250,0.0,50-59,negative
297,Jul-2022,250-2500,0.3082706766917293,50-59,negative
298,Jul-2022,2500-10000,0.556390977443609,50-59,negative
299,Jul-2022,10000-25000,0.09774436090225563,50-59,negative
300,Jul-2022,25000+,0.03759398496240601,50-59,negative
301,Aug-2022,<0.8,0.0010741138560687433,50-59,negative
302,Aug-2022,0.8-25,0.0,50-59,negative
303,Aug-2022,25-250,0.007518796992481203,50-59,negative
304,Aug-2022,250-2500,0.37593984962406013,50-59,negative
305,Aug-2022,2500-10000,0.4897959183673469,50-59,negative
306,Aug-2022,10000-25000,0.1041890440386681,50-59,negative
307,Aug-2022,25000+,0.021482277121374866,50-59,negative
308,Sep-2022,<0.8,0.0,50-59,negative
309,Sep-2022,0.8-25,0.0,50-59,negative
310,Sep-2022,25-250,0.007518796992481203,50-59,negative
311,Sep-2022,250-2500,0.45112781954887216,50-59,negative
312,Sep-2022,2500-10000,0.42857142857142855,50-59,negative
313,Sep-2022,10000-25000,0.07518796992481203,50-59,negative
314,Sep-2022,25000+,0.03759398496240601,50-59,negative
315,Oct-2022,<0.8,0.0,50-59,negative
316,Oct-2022,0.8-25,0.0,50-59,negative
317,Oct-2022,25-250,0.0,50-59,negative
318,Oct-2022,250-2500,0.37593984962406013,50-59,negative
319,Oct-2022,2500-10000,0.39097744360902253,50-59,negative
320,Oct-2022,10000-25000,0.12030075187969924,50-59,negative
321,Oct-2022,25000+,0.11278195488721804,50-59,negative
322,Nov-2022,<0.8,0.015037593984962405,50-59,negative
323,Nov-2022,0.8-25,0.0,50-59,negative
324,Nov-2022,25-250,0.0,50-59,negative
325,Nov-2022,250-2500,0.17400644468313642,50-59,negative
326,Nov-2022,2500-10000,0.18045112781954886,50-59,negative
327,Nov-2022,10000-25000,0.2857142857142857,50-59,negative
328,Nov-2022,25000+,0.3447905477980666,50-59,negative
329,Dec-2022,<0.8,0.0,50-59,negative
330,Dec-2022,0.8-25,0.0,50-59,negative
331,Dec-2022,25-250,0.007518796992481203,50-59,negative
332,Dec-2022,250-2500,0.08270676691729323,50-59,negative
333,Dec-2022,2500-10000,0.21052631578947367,50-59,negative
334,Dec-2022,10000-25000,0.3609022556390977,50-59,negative
335,Dec-2022,25000+,0.3383458646616541,50-59,negative
336,Jan-2022,<0.8,0.007462686567164179,60-69,negative
337,Jan-2022,0.8-25,0.0,60-69,negative
338,Jan-2022,25-250,0.0,60-69,negative
339,Jan-2022,250-2500,0.029850746268656716,60-69,negative
340,Jan-2022,2500-10000,0.3880597014925373,60-69,negative
341,Jan-2022,10000-25000,0.417910447761194,60-69,negative
342,Jan-2022,25000+,0.15671641791044777,60-69,negative
343,Feb-2022,<0.8,0.014925373134328358,60-69,negative
344,Feb-2022,0.8-25,0.0,60-69,negative
345,Feb-2022,25-250,0.0,60-69,negative
346,Feb-2022,250-2500,0.05223880597014925,60-69,negative
347,Feb-2022,2500-10000,0.48507462686567165,60-69,negative
348,Feb-2022,10000-25000,0.34328358208955223,60-69,negative
349,Feb-2022,25000+,0.1044776119402985,60-69,negative
350,Mar-2022,<0.8,0.007462686567164179,60-69,negative
351,Mar-2022,0.8-25,0.0,60-69,negative
352,Mar-2022,25-250,0.007462686567164179,60-69,negative
353,Mar-2022,250-2500,0.07462686567164178,60-69,negative
354,Mar-2022,2500-10000,0.5895522388059702,60-69,negative
355,Mar-2022,10000-25000,0.27611940298507465,60-69,negative
356,Mar-2022,25000+,0.04477611940298507,60-69,negative
357,Apr-2022,<0.8,0.007462686567164179,60-69,negative
358,Apr-2022,0.8-25,0.0,60-69,negative
359,Apr-2022,25-250,0.0,60-69,negative
360,Apr-2022,250-2500,0.14925373134328357,60-69,negative
361,Apr-2022,2500-10000,0.6119402985074627,60-69,negative
362,Apr-2022,10000-25000,0.19402985074626866,60-69,negative
363,Apr-2022,25000+,0.03731343283582089,60-69,negative
364,May-2022,<0.8,0.007462686567164179,60-69,negative
365,May-2022,0.8-25,0.0,60-69,negative
366,May-2022,25-250,0.0,60-69,negative
367,May-2022,250-2500,0.26865671641791045,60-69,negative
368,May-2022,2500-10000,0.5671641791044776,60-69,negative
369,May-2022,10000-25000,0.11940298507462686,60-69,negative
370,May-2022,25000+,0.03731343283582089,60-69,negative
371,Jun-2022,<0.8,0.007462686567164179,60-69,negative
372,Jun-2022,0.8-25,0.0,60-69,negative
373,Jun-2022,25-250,0.007462686567164179,60-69,negative
374,Jun-2022,250-2500,0.3805970149253731,60-69,negative
375,Jun-2022,2500-10000,0.5074626865671642,60-69,negative
376,Jun-2022,10000-25000,0.07462686567164178,60-69,negative
377,Jun-2022,25000+,0.022388059701492536,60-69,negative
378,Jul-2022,<0.8,0.007462686567164179,60-69,negative
379,Jul-2022,0.8-25,0.0,60-69,negative
380,Jul-2022,25-250,0.007462686567164179,60-69,negative
381,Jul-2022,250-2500,0.39552238805970147,60-69,negative
382,Jul-2022,2500-10000,0.4925373134328358,60-69,negative
383,Jul-2022,10000-25000,0.06716417910447761,60-69,negative
384,Jul-2022,25000+,0.029850746268656716,60-69,negative
385,Aug-2022,<0.8,0.007462686567164179,60-69,negative
386,Aug-2022,0.8-25,0.0,60-69,negative
387,Aug-2022,25-250,0.006396588486140725,60-69,negative
388,Aug-2022,250-2500,0.4562899786780384,60-69,negative
389,Aug-2022,2500-10000,0.44776119402985076,60-69,negative
390,Aug-2022,10000-25000,0.04584221748400853,60-69,negative
391,Aug-2022,25000+,0.03624733475479744,60-69,negative
392,Sep-2022,<0.8,0.014925373134328358,60-69,negative
393,Sep-2022,0.8-25,0.0,60-69,negative
394,Sep-2022,25-250,0.007462686567164179,60-69,negative
395,Sep-2022,250-2500,0.47761194029850745,60-69,negative
396,Sep-2022,2500-10000,0.3880597014925373,60-69,negative
397,Sep-2022,10000-25000,0.06716417910447761,60-69,negative
398,Sep-2022,25000+,0.04477611940298507,60-69,negative
399,Oct-2022,<0.8,0.007462686567164179,60-69,negative
400,Oct-2022,0.8-25,0.0,60-69,negative
401,Oct-2022,25-250,0.007462686567164179,60-69,negative
402,Oct-2022,250-2500,0.29850746268656714,60-69,negative
403,Oct-2022,2500-10000,0.29850746268656714,60-69,negative
404,Oct-2022,10000-25000,0.14925373134328357,60-69,negative
405,Oct-2022,25000+,0.23880597014925373,60-69,negative
406,Nov-2022,<0.8,0.007462686567164179,60-69,negative
407,Nov-2022,0.8-25,0.0,60-69,negative
408,Nov-2022,25-250,0.007462686567164179,60-69,negative
409,Nov-2022,250-2500,0.09701492537313433,60-69,negative
410,Nov-2022,2500-10000,0.15778251599147122,60-69,negative
411,Nov-2022,10000-25000,0.3795309168443497,60-69,negative
412,Nov-2022,25000+,0.35074626865671643,60-69,negative
413,Dec-2022,<0.8,0.007462686567164179,60-69,negative
414,Dec-2022,0.8-25,0.0,60-69,negative
415,Dec-2022,25-250,0.0,60-69,negative
416,Dec-2022,250-2500,0.05223880597014925,60-69,negative
417,Dec-2022,2500-10000,0.1791044776119403,60-69,negative
418,Dec-2022,10000-25000,0.373134328358209,60-69,negative
419,Dec-2022,25000+,0.3880597014925373,60-69,negative
420,Jan-2022,<0.8,0.0,70-84,negative
421,Jan-2022,0.8-25,0.0,70-84,negative
422,Jan-2022,25-250,0.007518796992481203,70-84,negative
423,Jan-2022,250-2500,0.045112781954887216,70-84,negative
424,Jan-2022,2500-10000,0.5413533834586466,70-84,negative
425,Jan-2022,10000-25000,0.3157894736842105,70-84,negative
426,Jan-2022,25000+,0.09022556390977443,70-84,negative
427,Feb-2022,<0.8,0.0,70-84,negative
428,Feb-2022,0.8-25,0.0,70-84,negative
429,Feb-2022,25-250,0.0,70-84,negative
430,Feb-2022,250-2500,0.11278195488721804,70-84,negative
431,Feb-2022,2500-10000,0.5789473684210527,70-84,negative
432,Feb-2022,10000-25000,0.2706766917293233,70-84,negative
433,Feb-2022,25000+,0.03759398496240601,70-84,negative
434,Mar-2022,<0.8,0.0,70-84,negative
435,Mar-2022,0.8-25,0.0,70-84,negative
436,Mar-2022,25-250,0.0,70-84,negative
437,Mar-2022,250-2500,0.18045112781954886,70-84,negative
438,Mar-2022,2500-10000,0.6165413533834586,70-84,negative
439,Mar-2022,10000-25000,0.16541353383458646,70-84,negative
440,Mar-2022,25000+,0.03759398496240601,70-84,negative
441,Apr-2022,<0.8,0.0,70-84,negative
442,Apr-2022,0.8-25,0.0,70-84,negative
443,Apr-2022,25-250,0.007518796992481203,70-84,negative
444,Apr-2022,250-2500,0.18796992481203006,70-84,negative
445,Apr-2022,2500-10000,0.5112781954887218,70-84,negative
446,Apr-2022,10000-25000,0.17293233082706766,70-84,negative
447,Apr-2022,25000+,0.12030075187969924,70-84,negative
448,May-2022,<0.8,0.0,70-84,negative
449,May-2022,0.8-25,0.0,70-84,negative
450,May-2022,25-250,0.0,70-84,negative
451,May-2022,250-2500,0.2706766917293233,70-84,negative
452,May-2022,2500-10000,0.45112781954887216,70-84,negative
453,May-2022,10000-25000,0.16541353383458646,70-84,negative
454,May-2022,25000+,0.11278195488721804,70-84,negative
455,Jun-2022,<0.8,0.0,70-84,negative
456,Jun-2022,0.8-25,0.0,70-84,negative
457,Jun-2022,25-250,0.007518796992481203,70-84,negative
458,Jun-2022,250-2500,0.2932330827067669,70-84,negative
459,Jun-2022,2500-10000,0.39097744360902253,70-84,negative
460,Jun-2022,10000-25000,0.21804511278195488,70-84,negative
461,Jun-2022,25000+,0.09022556390977443,70-84,negative
462,Jul-2022,<0.8,0.0,70-84,negative
463,Jul-2022,0.8-25,0.0,70-84,negative
464,Jul-2022,25-250,0.0,70-84,negative
465,Jul-2022,250-2500,0.2781954887218045,70-84,negative
466,Jul-2022,2500-10000,0.42857142857142855,70-84,negative
467,Jul-2022,10000-25000,0.18045112781954886,70-84,negative
468,Jul-2022,25000+,0.11278195488721804,70-84,negative
469,Aug-2022,<0.8,0.0,70-84,negative
470,Aug-2022,0.8-25,0.0,70-84,negative
471,Aug-2022,25-250,0.0,70-84,negative
472,Aug-2022,250-2500,0.3383458646616541,70-84,negative
473,Aug-2022,2500-10000,0.3920515574650913,70-84,negative
474,Aug-2022,10000-25000,0.19548872180451127,70-84,negative
475,Aug-2022,25000+,0.07411385606874328,70-84,negative
476,Sep-2022,<0.8,0.0,70-84,negative
477,Sep-2022,0.8-25,0.0,70-84,negative
478,Sep-2022,25-250,0.0,70-84,negative
479,Sep-2022,250-2500,0.3533834586466165,70-84,negative
480,Sep-2022,2500-10000,0.39849624060150374,70-84,negative
481,Sep-2022,10000-25000,0.17293233082706766,70-84,negative
482,Sep-2022,25000+,0.07518796992481203,70-84,negative
483,Oct-2022,<0.8,0.0,70-84,negative
484,Oct-2022,0.8-25,0.0,70-84,negative
485,Oct-2022,25-250,0.0,70-84,negative
486,Oct-2022,250-2500,0.15037593984962405,70-84,negative
487,Oct-2022,2500-10000,0.16541353383458646,70-84,negative
488,Oct-2022,10000-25000,0.2781954887218045,70-84,negative
489,Oct-2022,25000+,0.40601503759398494,70-84,negative
490,Nov-2022,<0.8,0.0,70-84,negative
491,Nov-2022,0.8-25,0.0,70-84,negative
492,Nov-2022,25-250,0.0,70-84,negative
493,Nov-2022,250-2500,0.03007518796992481,70-84,negative
494,Nov-2022,2500-10000,0.17293233082706766,70-84,negative
495,Nov-2022,10000-25000,0.38345864661654133,70-84,negative
496,Nov-2022,25000+,0.41353383458646614,70-84,negative
497,Dec-2022,<0.8,0.0,70-84,negative
498,Dec-2022,0.8-25,0.0,70-84,negative
499,Dec-2022,25-250,0.0,70-84,negative
500,Dec-2022,250-2500,0.03759398496240601,70-84,negative
501,Dec-2022,2500-10000,0.20300751879699247,70-84,negative
502,Dec-2022,10000-25000,0.3383458646616541,70-84,negative
503,Dec-2022,25000+,0.42105263157894735,70-84,negative
